LibSize,rho_obs,rho_null_median,rho_null_lo95,rho_null_hi95
77,0.13859100999732554,-0.00014743924152279351,-0.07706209310599484,0.07010016570389337
201,0.2938574194099679,0.0013238605753620046,-0.07647882365197693,0.07850232032298508
324,0.3887110916980968,-0.0014839148338978963,-0.07862155319333967,0.06839356510609457
448,0.42037226389269033,0.0031183237738600733,-0.08838060697274325,0.08863438680265284
571,0.4600714125615919,0.005876543828255884,-0.09168552711270489,0.09365487130710907
695,0.5008836883206168,0.0019764354968740978,-0.0839962556771295,0.10436391521765533
